szCodice,szDescrizione,ImgPrincipale,ImgGalleria
A101 | W372,NEW ALTEA | Astucci per anelli,AF101254201_TC.jpg,AF101254201_FA.jpg
A530 | W372,ARTEMIDE | Astucci per anelli,AF5309308_TC-3.jpg,AF5309308_FA.jpg
A553 | W372,PLATINUM | Astucci per anelli,AF553860342_TC.jpg,AF553860342_FA.jpg
A554 | W372,PLATINUM LED | Astucci per anelli,AF554830342_TC.jpg,AF554830342_FA.jpg
EF | W550,ESPOSITORI | Espositori bracciali,EF41032P912_T.jpg,EF41032P912_F.jpg
A150 | W372,FLOWER | Astucci per anelli,AF150224910_TC.jpg,AF150224910_FA.jpg
A122 | W372,STYLE | Astucci per anelli,AF1222142_TC.jpg,AF1222142_FA.jpg
A118 | W372,BABY BOX | Astucci per anelli,AF118222342_TC.jpg,AF118222342_FA.jpg
A117 | W372,ETNO | Astucci per anelli,AF117215742_TC.jpg,AF117215742_FA.jpg
A110 | W372,EDERA | Astucci per anelli,AF1102142004242_TC.jpg,AF1102142004242_FA.jpg
A116 | W372,STAR | Astucci per anelli,AF116213940_TC.jpg,AF116213940_FA.jpg